372,infer,numpy, Uninitialized Value
372,infer,numpy, Dead Store
373,infer,numpy, Dead Store
373,infer,numpy, Uninitialized Value
373,infer,numpy, Uninitialized Value
373,infer,numpy, Uninitialized Value
373,infer,numpy, Uninitialized Value
378,infer,numpy, Dead Store
378,infer,numpy, Uninitialized Value
378,infer,numpy, Uninitialized Value
378,infer,numpy, Uninitialized Value
378,infer,numpy, Uninitialized Value
384,infer,numpy, Dead Store
384,infer,numpy, Uninitialized Value
384,infer,numpy, Uninitialized Value
384,infer,numpy, Uninitialized Value
384,infer,numpy, Uninitialized Value
395,infer,numpy, Uninitialized Value
399,infer,numpy, Uninitialized Value
401,infer,numpy, Dead Store
401,infer,numpy, Uninitialized Value
401,infer,numpy, Uninitialized Value
401,infer,numpy, Uninitialized Value
401,infer,numpy, Uninitialized Value
407,infer,numpy, Uninitialized Value
407,infer,numpy, Uninitialized Value
407,infer,numpy, Uninitialized Value
407,infer,numpy, Uninitialized Value
407,infer,numpy, Uninitialized Value
410,infer,numpy, Uninitialized Value
410,infer,numpy, Uninitialized Value
410,infer,numpy, Dead Store
410,infer,numpy, Dead Store
410,infer,numpy, Uninitialized Value
416,infer,numpy, Uninitialized Value
416,infer,numpy, Uninitialized Value
416,infer,numpy, Dead Store
416,infer,numpy, Dead Store
416,infer,numpy, Uninitialized Value
417,infer,numpy, Uninitialized Value
417,infer,numpy, Uninitialized Value
417,infer,numpy, Uninitialized Value
417,infer,numpy, Uninitialized Value
417,infer,numpy, Uninitialized Value
418,infer,numpy, Uninitialized Value
418,infer,numpy, Uninitialized Value
418,infer,numpy, Dead Store
418,infer,numpy, Dead Store
418,infer,numpy, Uninitialized Value
424,infer,numpy, Uninitialized Value
424,infer,numpy, Uninitialized Value
424,infer,numpy, Dead Store
424,infer,numpy, Dead Store
424,infer,numpy, Uninitialized Value
424,infer,numpy, Uninitialized Value
424,infer,numpy, Dead Store
424,infer,numpy, Uninitialized Value
424,infer,numpy, Uninitialized Value
424,infer,numpy, Uninitialized Value
424,infer,numpy, Uninitialized Value
424,infer,numpy, Uninitialized Value
424,infer,numpy, Uninitialized Value
424,infer,numpy, Uninitialized Value
424,infer,numpy, Uninitialized Value
424,infer,numpy, Uninitialized Value
426,infer,numpy, Uninitialized Value
426,infer,numpy, Uninitialized Value
426,infer,numpy, Uninitialized Value
426,infer,numpy, Uninitialized Value
426,infer,numpy, Uninitialized Value
449,infer,numpy, Uninitialized Value
449,infer,numpy, Uninitialized Value
449,infer,numpy, Dead Store
449,infer,numpy, Dead Store
452,infer,numpy, Uninitialized Value
452,infer,numpy, Uninitialized Value
452,infer,numpy, Dead Store
452,infer,numpy, Dead Store
455,infer,numpy, Dead Store
455,infer,numpy, Uninitialized Value
455,infer,numpy, Uninitialized Value
455,infer,numpy, Uninitialized Value
455,infer,numpy, Uninitialized Value
462,infer,numpy, Uninitialized Value
493,infer,numpy, Dead Store
493,infer,numpy, Dead Store
493,infer,numpy, Dead Store
493,infer,numpy, Uninitialized Value
493,infer,numpy, Uninitialized Value
513,infer,numpy, Dead Store
513,infer,numpy, Dead Store
513,infer,numpy, Dead Store
513,infer,numpy, Uninitialized Value
513,infer,numpy, Uninitialized Value
516,infer,numpy, Uninitialized Value
516,infer,numpy, Dead Store
516,infer,numpy, Dead Store
516,infer,numpy, Dead Store
516,infer,numpy, Dead Store
516,infer,numpy, Uninitialized Value
518,infer,numpy, Uninitialized Value
527,infer,pandas, Dead Store
527,infer,pandas, Dead Store
527,infer,pandas, Uninitialized Value
527,infer,pandas, Uninitialized Value
568,infer,pandas, Null Dereference
568,infer,pandas, Null Dereference
568,infer,pandas, Null Dereference
568,infer,pandas, Uninitialized Value
568,infer,pandas, Uninitialized Value
583,infer,pandas, Uninitialized Value
583,infer,pandas, Uninitialized Value
584,infer,pandas, Null Dereference
584,infer,pandas, Null Dereference
584,infer,pandas, Null Dereference
584,infer,pandas, Uninitialized Value
584,infer,pandas, Uninitialized Value
589,infer,pandas, Uninitialized Value
589,infer,pandas, Uninitialized Value
594,infer,pandas, Uninitialized Value
594,infer,pandas, Uninitialized Value
594,infer,pandas, Uninitialized Value
594,infer,pandas, Uninitialized Value
594,infer,pandas, Uninitialized Value
603,infer,pandas, Uninitialized Value
603,infer,pandas, Uninitialized Value
605,infer,pytorch, Unreachable Code
605,infer,pytorch, Unreachable Code
605,infer,pytorch, Unreachable Code
605,infer,pytorch, Unreachable Code
605,infer,pytorch, Dead Store
609,infer,pytorch, Integer Overflow L2
609,infer,pytorch, Unreachable Code
611,infer,pytorch, Unreachable Code
611,infer,pytorch, Unreachable Code
611,infer,pytorch, Dead Store
612,infer,pytorch, Unreachable Code
612,infer,pytorch, Unreachable Code
612,infer,pytorch, Dead Store
615,infer,pytorch, Unreachable Code
615,infer,pytorch, Unreachable Code
615,infer,pytorch, Dead Store
615,infer,pytorch, Unreachable Code
615,infer,pytorch, Integer Overflow L2
615,infer,pytorch, Unreachable Code
615,infer,pytorch, Unreachable Code
615,infer,pytorch, Unreachable Code
615,infer,pytorch, Unreachable Code
615,infer,pytorch, Unreachable Code
615,infer,pytorch, Unreachable Code
615,infer,pytorch, Unreachable Code
615,infer,pytorch, Unreachable Code
616,infer,pytorch, Unreachable Code
616,infer,pytorch, Unreachable Code
616,infer,pytorch, Unreachable Code
616,infer,pytorch, Uninitialized Value
616,infer,pytorch, Unreachable Code
616,infer,pytorch, Dead Store
616,infer,pytorch, Dead Store
616,infer,pytorch, Unreachable Code
616,infer,pytorch, Unreachable Code
616,infer,pytorch, Uninitialized Value
617,infer,pytorch, Unreachable Code
617,infer,pytorch, Unreachable Code
617,infer,pytorch, Unreachable Code
617,infer,pytorch, Uninitialized Value
617,infer,pytorch, Unreachable Code
617,infer,pytorch, Dead Store
617,infer,pytorch, Dead Store
617,infer,pytorch, Unreachable Code
617,infer,pytorch, Unreachable Code
617,infer,pytorch, Uninitialized Value
618,infer,pytorch, Unreachable Code
618,infer,pytorch, Uninitialized Value
618,infer,pytorch, Integer Overflow L2
618,infer,pytorch, Integer Overflow L2
618,infer,pytorch, Unreachable Code
626,infer,pytorch, Unreachable Code
626,infer,pytorch, Unreachable Code
626,infer,pytorch, Unreachable Code
626,infer,pytorch, Unreachable Code
626,infer,pytorch, Unreachable Code
635,infer,scipy, Unreachable Code
635,infer,scipy, Unreachable Code
635,infer,scipy, Unreachable Code
635,infer,scipy, Unreachable Code
635,infer,scipy, Unreachable Code
638,infer,scipy, Uninitialized Value
638,infer,scipy, Uninitialized Value
638,infer,scipy, Uninitialized Value
638,infer,scipy, Uninitialized Value
638,infer,scipy, Uninitialized Value
641,infer,scipy, Uninitialized Value
641,infer,scipy, Uninitialized Value
641,infer,scipy, Uninitialized Value
641,infer,scipy, Uninitialized Value
641,infer,scipy, Uninitialized Value
642,infer,scipy, Uninitialized Value
642,infer,scipy, Uninitialized Value
642,infer,scipy, Uninitialized Value
642,infer,scipy, Uninitialized Value
642,infer,scipy, Uninitialized Value
644,infer,scipy, Buffer Overrun L2
644,infer,scipy, Dead Store
644,infer,scipy, Uninitialized Value
645,infer,scipy, Dead Store
645,infer,scipy, Dead Store
645,infer,scipy, Dead Store
648,infer,scipy, Buffer Overrun L2
648,infer,scipy, Dead Store
648,infer,scipy, Uninitialized Value
649,infer,scipy, Null Dereference
654,infer,scipy, Null Dereference
654,infer,scipy, Null Dereference
663,infer,tensorflow, Dead Store
663,infer,tensorflow, Uninitialized Value
679,infer,tensorflow, Dead Store
689,infer,tensorflow, Dead Store
689,infer,tensorflow, Dead Store
689,infer,tensorflow, Uninitialized Value
689,infer,tensorflow, Uninitialized Value
689,infer,tensorflow, Uninitialized Value
694,infer,tensorflow, Dead Store
694,infer,tensorflow, Dead Store
694,infer,tensorflow, Dead Store
694,infer,tensorflow, Dead Store
694,infer,tensorflow, Uninitialized Value
695,infer,tensorflow, Uninitialized Value
695,infer,tensorflow, Uninitialized Value
695,infer,tensorflow, Uninitialized Value
703,infer,tensorflow, Dead Store
712,infer,tensorflow, Dead Store
712,infer,tensorflow, Uninitialized Value
712,infer,tensorflow, Uninitialized Value
712,infer,tensorflow, Uninitialized Value
712,infer,tensorflow, Uninitialized Value
713,infer,tensorflow, Dead Store
713,infer,tensorflow, Uninitialized Value
713,infer,tensorflow, Uninitialized Value
713,infer,tensorflow, Uninitialized Value
713,infer,tensorflow, Uninitialized Value
741,infer,tensorflow, Dead Store
755,infer,tensorflow, Uninitialized Value
755,infer,tensorflow, Uninitialized Value
755,infer,tensorflow, Uninitialized Value
755,infer,tensorflow, Uninitialized Value
758,infer,tensorflow, Dead Store
760,infer,tensorflow, Uninitialized Value
760,infer,tensorflow, Dead Store
760,infer,tensorflow, Uninitialized Value
760,infer,tensorflow, Dead Store
765,infer,tensorflow, Dead Store
765,infer,tensorflow, Uninitialized Value
765,infer,tensorflow, Uninitialized Value
765,infer,tensorflow, Uninitialized Value
765,infer,tensorflow, Uninitialized Value
799,infer,tensorflow, Dead Store
799,infer,tensorflow, Dead Store
799,infer,tensorflow, Dead Store
801,infer,tensorflow, Dead Store
801,infer,tensorflow, Dead Store
801,infer,tensorflow, Dead Store
812,infer,tensorflow, Uninitialized Value
818,infer,tensorflow, Dead Store
818,infer,tensorflow, Uninitialized Value
818,infer,tensorflow, Dead Store
818,infer,tensorflow, Dead Store
818,infer,tensorflow, Dead Store
825,infer,tensorflow, Dead Store
829,infer,tensorflow, Dead Store
829,infer,tensorflow, Dead Store
829,infer,tensorflow, Uninitialized Value
829,infer,tensorflow, Uninitialized Value
829,infer,tensorflow, Dead Store
833,infer,tensorflow, Uninitialized Value
846,infer,tensorflow, Uninitialized Value
846,infer,tensorflow, Uninitialized Value
850,infer,tensorflow, Dead Store
864,infer,tensorflow, Uninitialized Value
864,infer,tensorflow, Dead Store
864,infer,tensorflow, Uninitialized Value
864,infer,tensorflow, Uninitialized Value
864,infer,tensorflow, Uninitialized Value
878,infer,tensorflow, Dead Store
882,infer,tensorflow, Dead Store
883,infer,tensorflow, Uninitialized Value
888,infer,tensorflow, Dead Store
895,infer,tensorflow, Dead Store
895,infer,tensorflow, Dead Store
895,infer,tensorflow, Uninitialized Value
895,infer,tensorflow, Uninitialized Value
895,infer,tensorflow, Dead Store
901,infer,tensorflow, Dead Store
901,infer,tensorflow, Uninitialized Value
901,infer,tensorflow, Uninitialized Value
901,infer,tensorflow, Uninitialized Value
901,infer,tensorflow, Uninitialized Value
